{"cameraMode":{"drawMode":0,"name":"Shaded","section":"Shading Mode"},"sceneLighting":true,"audioPlay":false,"sceneViewState":{"showFog":true,"showMaterialUpdate":false,"showSkybox":true,"showFlares":true,"showImageEffects":true,"showParticleSystems":true},"in2DMode":false,"pivot":{"x":-2.3446297645568849,"y":1.4495444297790528,"z":1.7428175210952759},"rotation":{"x":-0.07412274181842804,"y":-0.3492632508277893,"z":0.027688302099704744,"w":-0.9337947964668274},"size":16.596866607666017,"orthographic":false}