{"cameraMode":{"drawMode":0,"name":"Shaded","section":"Shading Mode"},"sceneLighting":true,"audioPlay":false,"sceneViewState":{"showFog":true,"showMaterialUpdate":false,"showSkybox":true,"showFlares":true,"showImageEffects":true,"showParticleSystems":true},"in2DMode":false,"pivot":{"x":-15.477294921875,"y":7.638278007507324,"z":1.0091361999511719},"rotation":{"x":-0.17784850299358369,"y":0.06197367608547211,"z":-0.011006617918610573,"w":-0.9823201298713684},"size":40.685142517089847,"orthographic":false}