{"cameraMode":{"drawMode":0,"name":"Shaded","section":"Shading Mode"},"sceneLighting":true,"audioPlay":false,"sceneViewState":{"showFog":true,"showMaterialUpdate":false,"showSkybox":true,"showFlares":true,"showImageEffects":true,"showParticleSystems":true},"in2DMode":false,"pivot":{"x":1.026260495185852,"y":4.772513389587402,"z":-1.1505258083343506},"rotation":{"x":-0.11558621376752854,"y":0.23370365798473359,"z":-0.026430999860167505,"w":-0.9654442071914673},"size":2.3566715717315676,"orthographic":false}